days,amount
1,1972.0
2,2024.258
3,1999.966904
4,1955.967632112
5,1884.5748135399122
6,1890.2285379805319
7,1835.4119103790965
